Event_ID,Client_ID,City,Date_Time,Expected_Pax,Event_Type,Budget
E001,C063,Liverpool,2026-02-14 21:00,445,Charity Gala,11200
E002,C220,Oxford,2025-10-27 18:00,489,Concert,9950
E003,C078,Southampton,2025-11-25 20:30,552,Wedding,21700
E004,C177,Belfast,2024-12-05 22:30,328,Pub Gig,1250
E005,C156,Oxford,2025-02-28 20:00,133,University Ball,2350
E006,C154,Cardiff,2024-08-01 19:30,163,Product Launch,7850
E007,C190,Leicester,2025-11-22 16:00,592,Concert,11700
E008,C109,Cambridge,2024-09-19 19:00,53,Charity Gala,1700
E009,C216,Manchester,2025-06-28 20:00,310,Festival,3800
E010,C236,Cambridge,2025-08-19 16:00,479,Product Launch,35950
E011,C159,Reading,2024-12-09 17:00,146,Product Launch,8200
E012,C297,Cambridge,2026-01-19 16:30,566,Corporate,20400
E013,C046,Birmingham,2025-06-19 17:00,437,Festival,8500
E014,C261,Leicester,2025-05-13 16:30,137,Concert,1400
E015,C043,Leicester,2024-12-30 22:30,165,Pub Gig,1150
E016,C129,Belfast,2026-04-19 22:30,237,Private Party,2700
E017,C176,Brighton,2026-01-14 19:30,483,Bar Mitzvah,9800
E018,C202,Reading,2025-05-12 18:00,99,Corporate,5500
E019,C005,Leeds,2024-10-31 20:00,40,Bar Mitzvah,1300
E020,C203,Bristol,2026-03-21 21:00,532,Festival,7900
E021,C012,Reading,2026-04-18 19:00,278,Awards Night,15350
E022,C115,Manchester,2024-06-23 14:00,450,Festival,4900
E023,C246,Oxford,2026-05-14 15:00,362,Wedding,13050
E024,C018,Belfast,2025-05-19 21:00,86,Private Party,1100
E025,C197,Cambridge,2025-06-10 17:30,123,Concert,2700
E026,C228,Edinburgh,2024-07-16 13:00,160,Pub Gig,450
E027,C122,Leicester,2025-02-11 20:30,75,University Ball,1750
E028,C084,Bristol,2024-07-28 13:00,63,Charity Gala,1650
E029,C184,London,2026-03-18 17:00,137,University Ball,3250
E030,C135,Bristol,2026-04-18 14:00,160,Wedding,3900
E031,C067,Liverpool,2024-11-11 21:30,565,Pub Gig,3800
E032,C042,Nottingham,2024-11-09 20:00,86,Product Launch,3350
E033,C113,Liverpool,2025-05-17 20:30,260,Charity Gala,8100
E034,C240,Oxford,2025-03-08 15:00,396,Concert,4600
E035,C020,Reading,2026-01-30 18:30,361,Pub Gig,2350
E036,C207,Belfast,2026-03-20 21:30,32,Awards Night,1350
E037,C097,Oxford,2025-02-09 18:30,447,Bar Mitzvah,13600
E038,C012,Southampton,2025-10-10 20:30,162,Wedding,3050
E039,C156,Glasgow,2026-03-31 13:30,126,Birthday,900
E040,C211,Belfast,2025-01-01 17:30,133,Birthday,1750
E041,C104,London,2025-04-01 20:30,476,Birthday,5900
E042,C090,Oxford,2026-05-08 22:00,203,Pub Gig,1450
E043,C253,Oxford,2025-04-05 21:00,144,University Ball,3100
E044,C020,London,2025-01-15 20:00,137,Festival,2050
E045,C064,Reading,2025-03-31 20:00,420,Bar Mitzvah,15050
E046,C158,Cambridge,2025-12-15 15:00,24,Wedding,400
E047,C086,Manchester,2024-11-19 18:30,544,Concert,6750
E048,C034,Brighton,2025-11-10 20:30,397,Product Launch,26050
E049,C069,Newcastle,2025-12-26 15:00,345,Birthday,3450
E050,C220,Leeds,2025-10-17 21:30,101,Awards Night,3450
E051,C148,London,2024-07-11 19:00,359,Pub Gig,1850
E052,C073,Liverpool,2024-12-29 22:00,113,Birthday,800
E053,C247,Glasgow,2024-12-18 19:00,427,Private Party,3850
E054,C195,Cambridge,2025-03-26 18:30,484,Festival,5900
E055,C251,Cardiff,2026-05-22 20:30,92,Product Launch,4750
E056,C218,Leeds,2025-10-15 13:00,509,Pub Gig,1800
E057,C197,Belfast,2026-02-23 15:30,102,Bar Mitzvah,4250
E058,C074,Brighton,2025-06-14 20:00,234,Bar Mitzvah,5700
E059,C094,Leicester,2025-01-02 15:00,481,Corporate,13700
E060,C033,Newcastle,2025-06-04 21:30,260,Wedding,7000
E061,C173,York,2024-06-21 20:00,364,Concert,4050
E062,C063,Leicester,2024-11-29 18:30,274,Festival,4100
E063,C249,Belfast,2024-09-08 20:00,103,Bar Mitzvah,4300
E064,C255,Glasgow,2026-05-03 22:30,581,Festival,10700
E065,C197,Brighton,2025-10-22 18:30,283,Pub Gig,950
E066,C288,Oxford,2026-03-21 20:00,248,Pub Gig,950
E067,C199,Oxford,2024-09-22 16:30,393,Private Party,4550
E068,C018,York,2025-11-27 21:00,336,Private Party,5950
E069,C027,Edinburgh,2024-08-16 22:30,421,Charity Gala,13350
E070,C068,Newcastle,2025-03-20 20:00,75,Awards Night,2350
E071,C219,Edinburgh,2025-10-21 20:00,118,Wedding,2800
E072,C193,Glasgow,2025-03-26 21:00,411,Charity Gala,14250
E073,C248,Oxford,2026-01-07 20:00,148,Festival,2750
E074,C107,Bristol,2024-12-11 16:00,204,Birthday,2550
E075,C154,Manchester,2024-09-13 18:00,320,University Ball,6550
E076,C283,Liverpool,2025-10-06 20:30,387,Awards Night,14200
E077,C099,Sheffield,2026-01-26 18:30,543,Awards Night,24150
E078,C140,Birmingham,2025-09-16 21:30,300,Pub Gig,2100
E079,C051,Manchester,2025-08-16 16:30,345,Birthday,3350
E080,C137,Manchester,2025-01-24 18:00,399,Bar Mitzvah,16750
E081,C209,Newcastle,2025-04-12 19:00,101,Corporate,3000
E082,C008,York,2024-10-15 21:00,27,Pub Gig,200
E083,C039,Sheffield,2024-11-17 13:30,546,Birthday,7400
E084,C157,Leicester,2025-04-16 19:00,494,Wedding,18450
E085,C064,Nottingham,2024-08-26 13:00,179,Wedding,6150
E086,C098,Cardiff,2025-06-26 21:30,156,Wedding,3900
E087,C200,Birmingham,2025-12-19 19:00,130,Corporate,3250
E088,C262,Edinburgh,2024-09-03 20:00,307,Pub Gig,1550
E089,C068,Belfast,2024-08-25 20:30,300,Wedding,11950
E090,C138,Sheffield,2024-08-15 18:00,379,Festival,7000
E091,C007,Reading,2024-10-29 22:00,359,Birthday,2100
E092,C229,Bristol,2025-05-15 18:30,579,Corporate,18550
E093,C061,Oxford,2024-10-08 20:00,514,Corporate,29450
E094,C225,Leicester,2025-08-04 17:30,595,Concert,16400
E095,C061,Edinburgh,2025-02-08 20:30,66,Pub Gig,500
E096,C043,Reading,2025-12-14 21:00,156,Festival,1550
E097,C196,Brighton,2024-10-26 19:00,584,Product Launch,29050
E098,C292,Nottingham,2025-09-13 20:00,204,Bar Mitzvah,4600
E099,C052,Belfast,2024-11-05 21:00,41,Concert,1200
E100,C072,Nottingham,2024-06-20 13:00,474,Awards Night,23450
E101,C117,Oxford,2026-05-19 18:30,170,Concert,3350
E102,C044,Manchester,2026-02-04 21:00,174,Awards Night,5550
E103,C002,Birmingham,2025-06-10 18:30,170,Product Launch,10000
E104,C212,York,2025-11-29 21:00,361,Product Launch,19700
E105,C045,Leeds,2024-12-06 19:30,22,Private Party,200
E106,C108,Leeds,2024-07-31 16:00,161,Wedding,2900
E107,C007,Southampton,2025-06-27 20:00,173,Concert,3250
E108,C083,London,2024-11-18 17:00,453,Concert,8350
E109,C201,Edinburgh,2024-06-23 21:30,592,Bar Mitzvah,13400
E110,C123,Cardiff,2025-01-27 14:00,574,Birthday,3350
E111,C005,Sheffield,2025-01-12 19:00,427,Festival,4650
E112,C083,Birmingham,2026-02-01 21:30,494,Product Launch,18300
E113,C068,Newcastle,2025-07-31 21:30,388,Festival,2150
E114,C045,Nottingham,2025-08-17 16:00,485,Corporate,27800
E115,C250,Manchester,2025-12-29 20:00,313,Private Party,3500
E116,C126,Reading,2026-01-19 20:30,178,Wedding,6450
E117,C222,Liverpool,2026-05-29 21:00,356,Concert,7450
E118,C186,Oxford,2024-10-22 20:30,238,Charity Gala,9300
E119,C028,Glasgow,2024-07-31 22:00,370,Concert,10850
E120,C297,York,2026-03-10 20:30,351,Birthday,3500
E121,C065,Cambridge,2025-06-26 18:30,119,Product Launch,4850
E122,C064,Nottingham,2025-10-07 20:30,486,Product Launch,37100
E123,C146,York,2026-01-25 19:00,109,Corporate,2650
E124,C233,Reading,2025-01-26 21:30,137,Concert,3300
E125,C213,Leeds,2026-02-13 18:00,444,Wedding,7000
E126,C296,Oxford,2024-11-06 19:30,419,Birthday,4750
E127,C048,Glasgow,2025-01-18 20:00,467,Wedding,7150
E128,C100,Reading,2026-03-19 15:30,407,Pub Gig,2250
E129,C186,Liverpool,2024-08-31 20:00,123,Concert,2000
E130,C176,Sheffield,2024-12-26 15:00,579,Charity Gala,20900
E131,C141,Nottingham,2024-10-08 20:30,114,Pub Gig,700
E132,C106,Nottingham,2025-09-13 20:30,476,Concert,8300
E133,C272,Sheffield,2026-04-30 20:30,50,Concert,650
E134,C120,Reading,2026-02-14 17:00,414,Corporate,11800
E135,C253,Nottingham,2025-02-18 18:00,301,Wedding,7700
E136,C009,Glasgow,2026-05-30 22:30,117,Charity Gala,2600
E137,C053,London,2024-08-26 14:00,68,Pub Gig,450
E138,C025,Cardiff,2025-07-11 19:00,290,Corporate,12900
E139,C271,Leeds,2024-07-18 15:30,509,Awards Night,17900
E140,C109,London,2025-03-27 16:30,241,Product Launch,13400
E141,C232,York,2025-03-01 13:30,227,University Ball,2850
E142,C136,Bristol,2025-07-09 17:30,106,University Ball,1750
E143,C222,Bristol,2025-06-21 20:30,71,Product Launch,2350
E144,C106,Edinburgh,2024-09-19 18:30,375,Pub Gig,2300
E145,C007,Nottingham,2026-03-12 20:30,362,Concert,7050
E146,C117,Leicester,2024-08-28 18:30,191,University Ball,4200
E147,C139,Leicester,2026-04-13 15:30,41,Bar Mitzvah,1750
E148,C279,Cambridge,2025-01-11 22:30,199,University Ball,3150
E149,C057,London,2025-03-02 18:30,170,Charity Gala,4950
E150,C001,Manchester,2024-12-11 19:30,161,Festival,2900
E151,C198,Oxford,2025-07-30 18:30,120,Concert,1550
E152,C094,Belfast,2026-02-02 21:30,118,Concert,2150
E153,C125,Southampton,2025-02-15 21:00,402,University Ball,5800
E154,C050,Cardiff,2025-12-12 16:30,513,Awards Night,24600
E155,C004,Nottingham,2026-03-01 21:30,225,Awards Night,6600
E156,C225,York,2025-11-25 17:30,462,Corporate,9650
E157,C055,Cambridge,2024-10-02 19:00,455,Concert,10550
E158,C184,Leicester,2025-03-20 18:30,235,University Ball,2550
E159,C242,York,2025-06-24 15:00,204,Product Launch,15850
E160,C244,Newcastle,2025-02-05 13:00,262,Pub Gig,1700
E161,C056,Cambridge,2024-06-27 20:00,156,Concert,2050
E162,C072,London,2025-05-08 21:00,437,Private Party,6100
E163,C219,Belfast,2024-07-29 16:30,100,Corporate,4050
E164,C274,Southampton,2024-11-07 21:00,550,Pub Gig,1200
E165,C281,Newcastle,2025-12-15 22:30,83,Product Launch,2650
E166,C022,Bristol,2024-07-11 21:30,528,Wedding,14600
E167,C199,Belfast,2026-02-14 21:00,148,Bar Mitzvah,5150
E168,C008,Leeds,2026-04-29 17:30,98,Wedding,1600
E169,C113,Cambridge,2026-03-17 17:00,329,Bar Mitzvah,11700
E170,C267,Leeds,2024-07-17 21:00,586,Festival,10100
E171,C143,York,2026-02-20 18:30,527,Concert,12250
E172,C111,London,2024-10-05 21:30,464,Private Party,6700
E173,C196,Cambridge,2024-09-06 21:00,263,Bar Mitzvah,9600
E174,C158,Southampton,2025-05-09 19:00,348,Product Launch,16700
E175,C093,Brighton,2024-12-18 14:30,285,Festival,4100
E176,C009,Sheffield,2025-02-16 18:30,65,University Ball,1100
E177,C209,Sheffield,2025-10-24 17:00,321,Charity Gala,6650
E178,C077,Belfast,2024-12-27 19:30,100,Product Launch,6650
E179,C100,Southampton,2025-09-14 18:30,269,Festival,5300
E180,C118,Cambridge,2025-10-05 22:30,255,Concert,3250
E181,C102,Edinburgh,2025-03-03 18:30,35,Charity Gala,800
E182,C066,Belfast,2025-01-12 21:30,590,Bar Mitzvah,25250
E183,C245,Birmingham,2025-01-18 21:00,207,Bar Mitzvah,7900
E184,C253,Newcastle,2024-08-17 17:30,597,Wedding,16700
E185,C178,Cardiff,2026-04-24 16:00,141,Birthday,1050
E186,C277,Reading,2024-12-22 22:30,26,Pub Gig,200
E187,C045,Birmingham,2026-05-26 14:00,139,Festival,2250
E188,C267,Newcastle,2025-10-07 17:00,591,Pub Gig,2100
E189,C046,Leicester,2026-04-12 18:00,239,Bar Mitzvah,8700
E190,C150,Nottingham,2025-11-24 20:30,421,Charity Gala,19750
E191,C204,Birmingham,2024-12-26 17:00,520,Charity Gala,23700
E192,C249,Leeds,2026-05-11 15:30,66,Private Party,550
E193,C181,Reading,2026-01-09 13:00,70,Corporate,2400
E194,C270,Bristol,2024-07-28 21:00,427,University Ball,4400
E195,C259,Oxford,2025-03-20 15:30,35,Wedding,1150
E196,C150,Oxford,2026-01-21 22:30,247,Corporate,10500
E197,C119,Cambridge,2024-07-17 20:00,508,Private Party,4900
E198,C253,Brighton,2025-07-06 19:30,338,Concert,4800
E199,C285,Glasgow,2025-04-07 21:30,455,Corporate,15950
E200,C005,Cardiff,2025-05-27 20:30,465,Corporate,22700
E201,C108,Newcastle,2024-07-23 20:00,158,Bar Mitzvah,4950
E202,C180,Reading,2025-01-04 16:00,373,Pub Gig,1300
E203,C092,Brighton,2024-08-11 17:00,124,Awards Night,6300
E204,C076,Birmingham,2026-03-14 19:30,506,Birthday,5050
E205,C268,Newcastle,2026-04-05 18:00,100,University Ball,2400
E206,C188,Cambridge,2026-05-13 15:30,374,Product Launch,14550
E207,C130,Leicester,2026-01-04 19:30,299,Wedding,4750
E208,C280,Bristol,2025-10-23 22:00,398,Wedding,6250
E209,C009,Newcastle,2025-05-11 17:00,344,Product Launch,21750
E210,C023,Brighton,2025-12-20 22:00,223,Awards Night,15000
E211,C045,Edinburgh,2024-10-17 14:30,40,Private Party,400
E212,C143,Birmingham,2024-06-30 20:00,343,Awards Night,23700
E213,C300,Belfast,2024-06-25 17:30,570,Birthday,6000
E214,C060,Leicester,2026-05-11 22:00,210,Product Launch,9700
E215,C184,Cardiff,2026-01-15 14:00,498,Birthday,3700
E216,C260,Bristol,2024-08-10 18:00,456,Concert,13350
E217,C159,Birmingham,2025-02-24 13:00,489,Private Party,4800
E218,C052,Nottingham,2025-09-08 20:30,423,University Ball,9500
E219,C202,Reading,2024-07-05 16:00,375,Corporate,18600
E220,C109,Cardiff,2025-10-23 15:00,115,Concert,3350
E221,C208,London,2025-12-06 19:30,346,Birthday,3200
E222,C172,Reading,2024-07-02 14:30,134,Private Party,2400
E223,C063,Nottingham,2025-07-19 15:00,395,Charity Gala,17000
E224,C203,Leeds,2025-03-18 14:30,106,Birthday,1500
E225,C020,Birmingham,2025-08-18 15:00,123,Awards Night,7200
E226,C134,Cardiff,2024-12-30 16:30,546,Awards Night,27750
E227,C003,Oxford,2025-10-07 19:30,39,Pub Gig,200
E228,C169,Reading,2025-08-11 22:30,507,Concert,7200
E229,C177,Glasgow,2025-03-19 19:00,562,Pub Gig,4500
E230,C276,Birmingham,2025-10-04 18:30,146,Concert,3600
E231,C055,Newcastle,2025-03-26 20:00,568,University Ball,12150
E232,C298,Oxford,2025-12-30 22:00,440,Concert,8000
E233,C200,Reading,2026-02-10 20:00,217,University Ball,5000
E234,C091,Cambridge,2026-04-18 21:30,133,University Ball,3150
E235,C276,Bristol,2026-01-11 15:30,566,Bar Mitzvah,17550
E236,C297,Bristol,2026-02-03 20:30,193,Bar Mitzvah,7500
E237,C231,Brighton,2024-09-23 18:00,301,Awards Night,10500
E238,C150,Belfast,2025-07-12 21:30,253,Festival,2400
E239,C192,Belfast,2026-03-15 19:00,193,Charity Gala,4250
E240,C269,Leeds,2025-11-19 17:00,227,Bar Mitzvah,7050
E241,C126,Leeds,2025-07-23 19:00,487,Bar Mitzvah,12700
E242,C027,Newcastle,2024-06-01 17:30,94,Product Launch,5100
E243,C129,Oxford,2024-06-06 22:30,297,Awards Night,20150
E244,C164,Leicester,2024-08-20 18:30,527,Charity Gala,17550
E245,C154,York,2025-03-16 17:30,178,Pub Gig,1000
E246,C075,Cardiff,2024-11-10 21:00,382,Private Party,3700
E247,C132,Cardiff,2026-01-29 19:00,44,Private Party,500
E248,C200,Nottingham,2025-09-02 21:00,306,Pub Gig,2250
E249,C154,Southampton,2026-01-02 21:30,595,Pub Gig,1450
E250,C110,Edinburgh,2024-06-14 14:30,499,Private Party,8800
E251,C290,Oxford,2025-09-18 20:30,536,Wedding,19750
E252,C098,Glasgow,2024-06-06 18:30,461,Product Launch,18000
E253,C200,London,2024-11-08 17:00,250,Wedding,5750
E254,C158,Edinburgh,2024-06-22 22:30,46,Corporate,2650
E255,C071,Cambridge,2026-01-10 19:00,404,Corporate,22100
E256,C108,Bristol,2026-03-13 18:30,386,Charity Gala,11900
E257,C034,Oxford,2025-11-23 19:00,327,Product Launch,25600
E258,C241,Manchester,2024-11-07 16:30,234,Wedding,8600
E259,C157,Belfast,2025-02-27 16:00,402,Product Launch,12750
E260,C115,Glasgow,2025-06-07 18:00,87,Concert,2000
E261,C253,Southampton,2026-01-12 22:30,148,Pub Gig,500
E262,C068,Newcastle,2025-06-12 18:30,403,Concert,5600
E263,C177,Liverpool,2025-11-02 19:00,435,Product Launch,29750
E264,C176,Leicester,2025-04-06 22:00,84,Festival,450
E265,C262,Liverpool,2025-10-07 16:00,247,Birthday,2550
E266,C116,Birmingham,2024-11-10 19:30,454,University Ball,11000
E267,C035,Manchester,2024-09-05 17:30,163,Concert,3750
E268,C300,Birmingham,2026-04-12 16:30,474,Pub Gig,2200
E269,C140,Manchester,2026-03-13 21:30,281,Concert,4050
E270,C222,Oxford,2025-10-31 19:30,127,Wedding,4650
E271,C137,Bristol,2026-02-24 18:30,519,Bar Mitzvah,11900
E272,C202,Manchester,2025-12-19 22:00,470,Private Party,3900
E273,C234,Brighton,2026-03-19 21:00,372,Private Party,6850
E274,C256,Glasgow,2025-02-18 20:30,380,Private Party,3900
E275,C225,Sheffield,2026-03-25 21:30,192,Birthday,1700
E276,C135,Birmingham,2024-06-21 19:30,368,Bar Mitzvah,11450
E277,C254,Leeds,2025-10-01 21:30,244,Bar Mitzvah,8350
E278,C295,Belfast,2024-08-15 17:00,287,Bar Mitzvah,11900
E279,C260,Nottingham,2024-06-18 14:00,341,University Ball,5200
E280,C287,Cambridge,2024-11-15 16:30,78,University Ball,850
E281,C232,Cardiff,2025-07-17 22:00,331,University Ball,8000
E282,C212,Edinburgh,2024-09-17 18:30,219,Bar Mitzvah,9600
E283,C176,Edinburgh,2025-11-13 20:00,338,Corporate,16300
E284,C192,Bristol,2025-09-10 18:00,21,Birthday,300
E285,C192,Southampton,2025-09-02 18:00,471,Birthday,6850
E286,C266,Edinburgh,2024-10-25 22:30,529,Corporate,13850
E287,C207,Manchester,2025-01-06 18:00,80,Private Party,1150
E288,C165,Birmingham,2024-10-25 14:00,222,Charity Gala,7700
E289,C046,Cardiff,2026-05-09 19:00,575,Awards Night,39400
E290,C110,Bristol,2024-10-17 21:30,210,Charity Gala,8250
E291,C200,Leeds,2026-03-03 20:30,431,Private Party,8000
E292,C212,Belfast,2024-10-09 16:30,214,Festival,3000
E293,C132,Belfast,2026-03-10 15:00,569,Festival,5100
E294,C199,Edinburgh,2026-05-18 18:30,89,Corporate,3950
E295,C090,Sheffield,2024-09-20 18:00,225,Charity Gala,6000
E296,C281,Newcastle,2026-03-29 21:00,134,Wedding,4300
E297,C115,Manchester,2025-05-20 19:00,578,Awards Night,31200
E298,C275,Sheffield,2026-03-16 22:00,167,Pub Gig,400
E299,C181,Liverpool,2026-05-01 20:30,451,Concert,5700
E300,C238,Reading,2024-10-19 18:30,403,Concert,10250
E301,C227,London,2025-09-18 22:30,231,Bar Mitzvah,9650
E302,C272,Manchester,2025-06-05 22:30,119,Product Launch,5450
E303,C174,Edinburgh,2026-05-08 22:00,330,Festival,6100
E304,C228,Bristol,2024-08-06 18:30,158,Wedding,5850
E305,C190,Glasgow,2024-10-10 19:30,158,Birthday,1250
E306,C187,Brighton,2025-02-15 19:00,545,Pub Gig,2500
E307,C283,Manchester,2025-12-12 18:30,30,Birthday,250
E308,C134,Reading,2026-01-27 14:00,520,Pub Gig,1450
E309,C045,Glasgow,2024-10-23 22:00,33,Wedding,1100
E310,C047,Glasgow,2025-05-11 21:00,463,Wedding,16100
E311,C095,Leicester,2025-06-30 20:30,101,Wedding,1950
E312,C147,Liverpool,2024-06-10 15:30,276,Concert,3100
E313,C046,Newcastle,2024-07-04 17:00,390,Awards Night,22500
E314,C181,Oxford,2025-04-07 21:00,492,Charity Gala,16700
E315,C188,London,2025-05-03 20:30,196,Concert,3900
E316,C223,Edinburgh,2025-09-19 18:30,81,Charity Gala,1950
E317,C063,York,2026-02-02 18:30,562,Birthday,5150
E318,C144,Reading,2026-01-05 21:30,359,Private Party,5300
E319,C076,York,2025-02-10 17:00,103,Private Party,1250
E320,C183,York,2024-12-11 17:30,595,Charity Gala,21450
E321,C193,Oxford,2025-05-21 18:30,31,Bar Mitzvah,750
E322,C142,Liverpool,2025-10-14 16:00,484,Bar Mitzvah,14950
E323,C145,Newcastle,2025-06-19 19:00,60,Awards Night,1650
E324,C206,Reading,2025-06-08 20:00,557,Wedding,14150
E325,C022,Manchester,2024-11-10 17:00,258,Pub Gig,550
E326,C118,Southampton,2025-02-16 21:30,27,Charity Gala,850
E327,C101,Newcastle,2026-03-10 20:30,422,Festival,2300
E328,C110,Southampton,2025-09-11 18:30,389,Festival,3300
E329,C085,Nottingham,2024-08-16 20:00,594,Charity Gala,13800
E330,C028,Sheffield,2026-04-16 15:00,215,Pub Gig,1000
E331,C244,Edinburgh,2025-04-17 19:30,135,Wedding,2300
E332,C090,London,2025-08-09 14:30,65,Awards Night,3750
E333,C251,Leeds,2026-01-18 18:30,68,Bar Mitzvah,2050
E334,C150,Birmingham,2025-09-09 22:00,526,Product Launch,40100
E335,C175,Reading,2025-12-28 19:00,183,Product Launch,13000
E336,C117,Newcastle,2025-12-09 21:00,139,Charity Gala,6200
E337,C001,Leicester,2024-07-23 21:00,527,Corporate,12050
E338,C130,Cambridge,2024-06-25 19:30,452,Corporate,21000
E339,C131,Nottingham,2025-05-20 17:00,571,Concert,10050
E340,C195,Newcastle,2026-02-13 19:30,500,Pub Gig,3350
E341,C275,Manchester,2026-01-22 21:00,140,Festival,2600
E342,C193,Manchester,2024-06-17 19:30,207,Festival,2850
E343,C269,Sheffield,2024-08-07 15:00,576,Product Launch,24850
E344,C293,Edinburgh,2025-07-02 13:00,221,Product Launch,8700
E345,C007,Bristol,2024-09-22 19:00,292,University Ball,3500
E346,C066,Leicester,2025-11-05 18:00,89,Birthday,1200
E347,C192,Belfast,2025-11-30 14:00,250,Charity Gala,9850
E348,C075,Manchester,2025-06-01 20:00,304,Private Party,3850
E349,C173,Glasgow,2026-03-04 22:00,521,Bar Mitzvah,13550
E350,C172,Leicester,2024-08-31 19:00,441,Product Launch,30900
E351,C150,Leeds,2024-07-23 22:00,365,Pub Gig,2050
E352,C097,Brighton,2024-07-03 15:00,485,Charity Gala,13550
E353,C036,Brighton,2026-05-23 17:30,581,Corporate,14600
E354,C283,Sheffield,2026-03-20 15:00,175,Pub Gig,950
E355,C209,Leeds,2025-12-27 19:00,490,Pub Gig,2300
E356,C197,York,2024-10-10 20:30,43,Concert,850
E357,C207,Liverpool,2025-03-24 20:30,341,Pub Gig,2000
E358,C011,Nottingham,2024-07-08 22:30,476,Concert,6350
E359,C118,Glasgow,2025-09-26 17:00,182,Bar Mitzvah,5050
E360,C027,Southampton,2025-12-15 19:30,200,Product Launch,12050
E361,C092,Birmingham,2025-05-26 21:30,211,University Ball,4550
E362,C126,Cambridge,2026-02-02 19:30,132,Birthday,1300
E363,C296,Belfast,2024-11-15 19:00,556,Festival,9950
E364,C223,Birmingham,2025-01-16 22:00,163,Charity Gala,5400
E365,C192,Manchester,2024-08-19 19:00,496,Private Party,4350
E366,C075,Reading,2025-11-01 19:00,81,Festival,1050
E367,C281,Southampton,2024-09-12 14:00,88,University Ball,1300
E368,C100,Oxford,2024-08-29 22:30,218,Awards Night,7950
E369,C041,Cambridge,2024-11-24 21:00,401,Private Party,7250
E370,C012,Oxford,2026-05-21 17:00,298,Charity Gala,14450
E371,C051,Reading,2025-02-15 19:00,391,University Ball,5650
E372,C190,Bristol,2026-02-09 15:00,261,Festival,4950
E373,C005,Birmingham,2024-07-02 18:00,458,University Ball,10150
E374,C085,Cardiff,2024-09-17 21:30,122,Private Party,1850
E375,C034,Cambridge,2025-04-22 20:30,286,Awards Night,10050
E376,C121,Cardiff,2025-05-05 17:30,354,Product Launch,13250
E377,C210,Bristol,2026-01-31 19:30,585,Product Launch,29000
E378,C166,Cambridge,2024-12-04 14:00,354,Birthday,2350
E379,C263,York,2025-07-18 18:30,304,Charity Gala,12550
E380,C201,Leicester,2026-05-24 19:30,221,Awards Night,12700
E381,C238,York,2025-04-05 21:00,256,Awards Night,16650
E382,C002,Oxford,2026-01-28 17:30,97,Wedding,3400
E383,C060,Leeds,2026-05-06 17:00,594,Concert,11650
E384,C219,Liverpool,2024-10-18 21:30,187,Bar Mitzvah,4050
E385,C059,Cambridge,2024-07-20 13:00,144,Private Party,2550
E386,C084,Birmingham,2026-01-23 17:30,184,Private Party,2600
E387,C035,Leeds,2026-04-02 13:30,526,Product Launch,20750
E388,C238,Glasgow,2024-07-01 21:30,118,Birthday,1350
E389,C055,Manchester,2026-04-07 16:00,160,Festival,3200
E390,C071,Leicester,2026-05-06 21:30,122,Awards Night,7950
E391,C283,Cardiff,2024-12-23 18:00,433,Corporate,9350
E392,C082,Southampton,2025-11-12 22:00,273,University Ball,5050
E393,C268,Brighton,2024-12-16 22:30,212,Awards Night,9000
E394,C255,London,2025-01-02 18:00,435,Corporate,21700
E395,C058,Southampton,2026-03-29 19:00,235,Wedding,7750
E396,C075,Liverpool,2024-08-26 18:30,381,Concert,3850
E397,C148,Birmingham,2026-05-05 19:30,306,Festival,3700
E398,C069,London,2024-12-05 14:00,517,Pub Gig,3700
E399,C145,Brighton,2025-12-22 17:00,589,Pub Gig,3600
E400,C157,Oxford,2024-11-25 19:30,298,Festival,4500
E401,C221,Reading,2024-06-29 17:00,98,Wedding,1700
E402,C132,London,2025-07-26 14:30,438,Awards Night,15050
E403,C086,London,2025-11-01 22:00,241,Charity Gala,9000
E404,C141,Liverpool,2026-03-11 21:30,180,Birthday,2000
E405,C222,Birmingham,2024-12-25 20:00,84,Bar Mitzvah,2550
E406,C267,Reading,2025-02-01 21:30,563,Product Launch,21300
E407,C134,York,2024-07-12 18:00,40,Pub Gig,250
E408,C266,Edinburgh,2026-03-23 14:30,257,University Ball,5900
E409,C106,Birmingham,2026-04-02 21:00,111,Pub Gig,800
E410,C016,Glasgow,2025-01-30 20:30,188,Private Party,3300
E411,C195,Bristol,2025-03-23 21:30,316,University Ball,7000
E412,C241,Manchester,2025-07-03 19:30,465,University Ball,9250
E413,C117,Newcastle,2026-01-22 21:00,70,Private Party,1300
E414,C270,Edinburgh,2025-06-23 19:30,86,Birthday,1050
E415,C128,Leicester,2024-10-02 18:30,407,Pub Gig,2600
E416,C011,Leeds,2026-04-05 21:30,153,Concert,4200
E417,C022,Edinburgh,2026-01-22 22:00,254,Concert,5950
E418,C116,Bristol,2024-11-07 21:00,267,Private Party,2250
E419,C111,Liverpool,2024-12-05 19:00,218,Private Party,3100
E420,C047,Liverpool,2026-01-27 15:30,241,Charity Gala,5050
E421,C283,Leicester,2024-12-23 20:30,30,Wedding,1150
E422,C146,York,2024-11-23 15:30,445,Corporate,24600
E423,C119,Belfast,2026-05-27 15:30,508,University Ball,12700
E424,C019,Cardiff,2026-01-28 21:30,552,Birthday,5150
E425,C010,Manchester,2025-03-04 17:30,76,Pub Gig,300
E426,C027,Oxford,2026-02-08 18:00,583,University Ball,13250
E427,C271,Cambridge,2025-06-30 20:00,370,Pub Gig,2350
E428,C189,Southampton,2026-04-07 20:30,86,Awards Night,6000
E429,C152,Reading,2024-10-15 21:00,487,Product Launch,28450
E430,C098,Bristol,2025-10-13 22:00,248,Birthday,3700
E431,C227,Edinburgh,2026-03-06 21:30,241,Bar Mitzvah,10200
E432,C002,Sheffield,2025-02-24 19:30,140,Concert,2550
E433,C209,Glasgow,2024-12-05 18:00,35,Pub Gig,250
E434,C160,Leicester,2024-07-29 18:00,61,Festival,450
E435,C042,Liverpool,2026-04-09 16:00,362,Awards Night,15150
E436,C299,Cambridge,2025-11-04 21:30,441,Product Launch,22950
E437,C067,York,2024-07-23 18:30,372,Birthday,2450
E438,C100,Liverpool,2025-11-10 22:00,484,Pub Gig,2550
E439,C053,Glasgow,2025-01-26 20:30,187,Awards Night,9000
E440,C136,Southampton,2026-05-23 19:00,192,Wedding,7050
E441,C073,Cambridge,2025-12-24 19:30,531,Bar Mitzvah,14100
E442,C252,York,2026-02-01 21:30,259,Charity Gala,6050
E443,C279,Oxford,2024-11-22 21:00,141,Concert,1800
E444,C179,Newcastle,2025-02-10 16:00,183,Product Launch,9600
E445,C291,Belfast,2025-10-28 22:00,60,Charity Gala,2200
E446,C278,Oxford,2025-11-23 21:00,276,Bar Mitzvah,9300
E447,C226,Glasgow,2025-06-20 20:30,203,Private Party,1800
E448,C273,Nottingham,2025-04-07 20:00,574,Concert,9400
E449,C096,Leeds,2026-03-25 16:30,73,Private Party,1150
E450,C192,Brighton,2026-04-05 18:00,206,Festival,2850
E451,C100,Reading,2026-04-06 18:00,125,Awards Night,4950
E452,C114,Newcastle,2026-01-22 18:30,398,University Ball,4600
E453,C148,Brighton,2026-02-07 20:30,27,Pub Gig,200
E454,C020,Glasgow,2025-05-14 15:30,235,Private Party,3050
E455,C163,Manchester,2025-09-14 19:00,292,Wedding,11350
E456,C068,Nottingham,2026-02-06 21:30,298,Wedding,7150
E457,C231,Reading,2024-10-17 20:30,306,Charity Gala,12900
E458,C258,Birmingham,2025-10-13 22:00,141,Festival,1600
E459,C060,Newcastle,2024-09-21 20:30,90,Private Party,1300
E460,C256,Leeds,2026-02-17 14:00,479,Concert,12900
E461,C089,Reading,2025-02-24 16:30,156,Corporate,3500
E462,C013,Reading,2025-02-09 20:00,502,Birthday,7400
E463,C073,York,2024-11-02 19:00,543,Corporate,29450
E464,C227,Liverpool,2024-12-02 20:30,210,Awards Night,10700
E465,C284,Reading,2024-11-18 21:30,262,Birthday,3750
E466,C083,Belfast,2025-05-09 16:00,273,Festival,2450
E467,C036,Edinburgh,2024-09-14 16:00,359,Wedding,7600
E468,C187,Belfast,2025-11-01 21:30,75,Bar Mitzvah,2150
E469,C264,Sheffield,2024-08-25 21:30,262,Birthday,2050
E470,C236,Glasgow,2025-10-22 17:30,186,Private Party,3150
E471,C262,Liverpool,2025-04-16 21:30,221,Wedding,8350
E472,C239,Birmingham,2024-11-02 21:00,137,Wedding,4150
E473,C110,Manchester,2025-09-30 21:30,217,Festival,2850
E474,C269,Birmingham,2026-02-17 21:00,28,Private Party,350
E475,C110,Southampton,2026-03-20 22:00,373,Awards Night,10950
E476,C014,Brighton,2025-04-17 19:00,179,Corporate,10650
E477,C117,Birmingham,2026-05-07 13:30,308,Birthday,1550
E478,C208,Nottingham,2025-05-26 21:30,482,Awards Night,21650
E479,C223,London,2025-07-29 16:00,65,Corporate,3300
E480,C007,Leicester,2026-02-22 15:00,395,Corporate,10250
E481,C148,Sheffield,2024-09-03 19:00,302,University Ball,3550
E482,C288,London,2026-03-08 14:00,223,Private Party,2950
E483,C071,Nottingham,2025-08-30 13:30,52,Wedding,850
E484,C121,Reading,2025-10-16 14:30,89,University Ball,1850
E485,C255,Belfast,2024-07-09 17:30,561,Awards Night,28950
E486,C249,Nottingham,2024-10-07 14:30,292,Awards Night,10050
E487,C221,Birmingham,2024-12-01 22:00,239,Wedding,6400
E488,C190,York,2025-07-31 19:00,545,Awards Night,17200
E489,C205,Brighton,2025-07-26 21:30,567,Festival,6650
E490,C024,Oxford,2025-09-10 20:00,347,Charity Gala,7850
E491,C217,Reading,2025-03-03 20:00,174,University Ball,4350
E492,C219,Manchester,2025-01-14 20:00,585,Charity Gala,21500
E493,C024,York,2025-08-25 16:30,309,Concert,6250
E494,C125,Oxford,2025-09-12 16:30,575,Festival,11200
E495,C295,Glasgow,2024-08-24 21:30,42,Concert,1050
E496,C120,Liverpool,2024-12-22 18:00,437,Charity Gala,16050
E497,C064,York,2025-09-06 16:30,459,Corporate,9750
E498,C276,Southampton,2025-10-01 20:30,62,University Ball,1400
E499,C193,Brighton,2025-01-31 18:30,452,University Ball,6200
E500,C026,Bristol,2024-11-09 14:30,158,Corporate,7450
E501,C216,Newcastle,2024-10-18 22:30,440,Pub Gig,2600
E502,C025,Cardiff,2026-01-09 21:30,404,Concert,6700
E503,C227,Newcastle,2026-01-20 21:00,49,University Ball,700
E504,C215,Newcastle,2026-04-17 21:30,316,Bar Mitzvah,8650
E505,C245,Nottingham,2024-06-06 20:00,430,Festival,2600
E506,C275,London,2025-12-11 17:00,505,Corporate,29950
E507,C210,Brighton,2026-02-27 14:30,455,Birthday,3300
E508,C087,Sheffield,2025-10-21 20:30,546,Festival,8250
E509,C240,Newcastle,2025-05-17 20:00,169,Bar Mitzvah,5450
E510,C225,Belfast,2025-09-15 19:00,268,Pub Gig,1850
E511,C199,Leeds,2025-07-06 13:00,281,Wedding,6500
E512,C036,Belfast,2025-06-05 21:00,505,Charity Gala,14300
E513,C112,Cambridge,2025-08-30 18:30,585,Bar Mitzvah,15450
E514,C271,Leicester,2025-12-05 19:30,82,Birthday,600
E515,C130,Edinburgh,2024-10-13 21:00,155,Festival,2300
E516,C265,Leicester,2025-12-08 19:30,590,Wedding,22500
E517,C198,Bristol,2025-01-02 14:30,580,Wedding,9900
E518,C216,Reading,2025-02-12 18:30,161,Product Launch,5100
E519,C195,Cambridge,2025-01-06 21:00,359,Corporate,17050
E520,C001,Cambridge,2024-10-03 16:30,351,University Ball,6600
E521,C199,York,2025-05-19 19:30,35,Charity Gala,800
E522,C040,Southampton,2025-08-05 13:00,406,Charity Gala,18850
E523,C003,Southampton,2025-01-05 14:00,162,Private Party,2250
E524,C048,York,2024-08-22 17:00,432,Bar Mitzvah,11500
E525,C284,Sheffield,2024-11-19 14:30,320,Product Launch,18850
E526,C176,Oxford,2024-10-04 19:00,74,Festival,500
E527,C135,Cambridge,2024-06-02 15:30,112,Pub Gig,450
E528,C092,Cambridge,2024-06-05 20:00,108,Corporate,4000
E529,C248,Brighton,2025-01-04 18:30,108,Bar Mitzvah,2750
E530,C242,Bristol,2024-11-20 18:30,110,Concert,1300
E531,C094,Glasgow,2025-05-15 19:30,323,Charity Gala,13850
E532,C100,Southampton,2025-07-26 18:00,244,University Ball,5850
E533,C025,Newcastle,2026-05-03 19:30,74,Private Party,750
E534,C167,Bristol,2025-11-30 16:30,525,Wedding,16150
E535,C228,Belfast,2026-02-01 19:30,201,Wedding,3850
E536,C290,Sheffield,2024-06-26 17:30,30,Wedding,550
E537,C225,Cardiff,2025-01-11 14:30,524,Wedding,9150
E538,C111,Cardiff,2024-11-20 20:00,32,Bar Mitzvah,700
E539,C173,York,2025-08-19 20:30,198,Awards Night,8300
E540,C220,Reading,2026-04-01 18:30,95,Wedding,2700
E541,C116,London,2025-05-24 16:00,422,Wedding,11500
E542,C276,Brighton,2025-03-05 21:00,82,Birthday,400
E543,C126,London,2025-02-15 22:30,573,Product Launch,28200
E544,C289,Reading,2025-05-22 13:00,481,University Ball,6050
E545,C190,Sheffield,2024-08-17 19:00,211,University Ball,2200
E546,C088,Glasgow,2025-08-17 20:30,557,Private Party,6950
E547,C238,Nottingham,2026-04-30 16:30,116,Birthday,1400
E548,C089,Leicester,2024-09-14 21:00,359,Festival,2100
E549,C080,Manchester,2025-12-24 13:00,110,Festival,1000
E550,C007,Birmingham,2025-06-27 22:00,232,Wedding,9150
E551,C048,Oxford,2025-11-14 17:00,68,Private Party,850
E552,C012,Edinburgh,2024-07-23 17:30,111,Awards Night,5100
E553,C199,Belfast,2025-03-26 21:00,174,Birthday,1500
E554,C120,Belfast,2025-08-16 21:00,106,Birthday,550
E555,C214,Sheffield,2025-10-22 21:30,329,Wedding,10250
E556,C285,Newcastle,2025-10-25 20:00,174,Festival,2200
E557,C293,Belfast,2026-02-24 17:00,245,Festival,2100
E558,C018,Leeds,2025-08-31 21:30,100,Corporate,3450
E559,C138,Newcastle,2025-03-15 16:30,389,Pub Gig,2650
E560,C012,Reading,2024-08-28 21:00,28,Bar Mitzvah,950
E561,C123,London,2026-02-25 22:30,302,Charity Gala,9550
E562,C060,Cardiff,2026-05-16 19:30,336,Private Party,5300
E563,C086,Birmingham,2024-07-09 17:30,101,Corporate,4250
E564,C058,Nottingham,2025-05-31 18:00,187,Pub Gig,900
E565,C002,Bristol,2025-06-12 13:00,83,Festival,1350
E566,C092,Birmingham,2024-10-07 20:30,336,Corporate,12950
E567,C018,Liverpool,2026-03-06 18:30,222,Corporate,7500
E568,C110,Leeds,2024-11-23 17:30,193,Birthday,1500
E569,C067,Leeds,2025-03-24 21:00,457,Concert,9250
E570,C020,Bristol,2026-05-19 21:30,523,Wedding,9500
E571,C135,Reading,2024-12-15 21:30,432,Festival,7050
E572,C079,Sheffield,2024-12-06 14:30,599,University Ball,11650
E573,C246,Leeds,2024-11-19 13:00,137,Corporate,4250
E574,C198,Edinburgh,2025-03-14 16:00,78,Concert,1250
E575,C045,Oxford,2024-07-18 18:00,294,Bar Mitzvah,8250
E576,C245,London,2025-05-26 19:30,38,Birthday,200
E577,C273,Southampton,2025-11-23 13:30,484,Product Launch,26250
E578,C296,Leicester,2025-07-04 18:00,506,University Ball,9900
E579,C297,Newcastle,2024-09-18 20:00,258,Birthday,3850
E580,C216,Reading,2026-03-29 22:30,425,Charity Gala,14200
E581,C170,Manchester,2024-11-21 18:30,436,Wedding,9200
E582,C165,Liverpool,2025-09-19 20:30,399,Wedding,11900
E583,C202,Sheffield,2026-01-07 20:00,443,Festival,8700
E584,C125,Brighton,2025-08-22 20:00,481,Festival,4350
E585,C273,Leicester,2025-10-04 18:30,296,Awards Night,17550
E586,C212,Sheffield,2024-08-23 13:30,503,Private Party,8400
E587,C070,Bristol,2024-07-24 20:00,492,Pub Gig,1000
E588,C134,Sheffield,2026-03-29 21:00,325,University Ball,4350
E589,C128,Liverpool,2025-12-05 13:30,488,Festival,3950
E590,C073,Southampton,2025-07-23 14:00,410,Festival,3000
E591,C188,Manchester,2024-06-14 17:00,185,Birthday,2350
E592,C069,Newcastle,2026-01-25 21:00,130,Concert,3100
E593,C245,York,2024-11-16 16:00,375,Awards Night,14050
E594,C139,Birmingham,2025-05-08 21:00,150,Wedding,4300
E595,C212,Brighton,2025-10-11 14:30,579,Product Launch,26650
E596,C278,Leeds,2026-05-13 17:30,471,University Ball,7100
E597,C260,Birmingham,2026-02-18 20:30,517,Pub Gig,2450
E598,C026,Glasgow,2025-06-20 22:00,70,Charity Gala,2650
E599,C053,Edinburgh,2026-03-23 17:30,165,Birthday,1050
E600,C099,Liverpool,2024-06-09 19:00,21,Bar Mitzvah,900
E601,C192,York,2025-04-19 21:30,406,Product Launch,21300
E602,C120,Brighton,2024-09-26 20:00,483,Birthday,4100
E603,C147,Bristol,2025-10-30 18:30,350,Corporate,20350
E604,C093,Manchester,2025-11-30 21:00,406,Concert,9950
E605,C081,Glasgow,2025-01-18 19:30,105,Product Launch,5850
E606,C005,Bristol,2024-12-08 19:30,132,Awards Night,9150
E607,C161,Leicester,2024-10-29 16:00,417,Private Party,6400
E608,C094,London,2026-03-04 20:00,85,Festival,750
E609,C209,Southampton,2026-05-29 14:30,304,Awards Night,10300
E610,C101,Edinburgh,2026-03-17 16:30,364,University Ball,3650
E611,C088,Southampton,2024-11-15 18:00,83,Awards Night,3800
E612,C248,Oxford,2024-09-29 22:00,105,Bar Mitzvah,4650
E613,C259,Edinburgh,2025-04-12 20:00,251,Pub Gig,1800
E614,C247,Nottingham,2025-04-15 19:30,117,Concert,2450
E615,C060,Cambridge,2025-07-21 18:30,133,University Ball,2400
E616,C197,Edinburgh,2026-04-21 19:30,382,Awards Night,20150
E617,C070,Southampton,2024-12-16 19:30,43,Awards Night,1900
E618,C287,Sheffield,2025-03-24 20:00,311,Product Launch,11100
E619,C150,Southampton,2025-04-08 19:30,48,University Ball,600
E620,C149,Reading,2025-09-25 18:00,82,Awards Night,3350
E621,C243,Brighton,2025-10-15 15:30,128,Bar Mitzvah,3800
E622,C105,London,2025-07-18 13:00,416,Private Party,5850
E623,C242,Edinburgh,2025-04-25 17:30,55,Concert,900
E624,C287,Belfast,2025-02-14 16:00,188,Private Party,2450
E625,C121,Liverpool,2025-01-30 17:00,321,Product Launch,20600
E626,C004,Nottingham,2024-12-02 20:30,160,Corporate,7850
E627,C074,Cambridge,2024-08-19 16:30,180,Charity Gala,6600
E628,C208,Bristol,2025-03-05 18:00,355,University Ball,3850
E629,C073,Cardiff,2025-06-15 13:00,561,Charity Gala,13200
E630,C262,Reading,2025-03-02 22:00,247,Wedding,4900
E631,C090,Nottingham,2024-08-19 21:00,506,University Ball,6450
E632,C263,Southampton,2024-09-15 17:30,384,Corporate,15050
E633,C295,Brighton,2024-10-06 21:30,460,Concert,5050
E634,C049,Glasgow,2025-08-11 18:00,439,University Ball,8650
E635,C190,Nottingham,2025-01-19 14:00,376,Private Party,6000
E636,C271,Reading,2025-07-13 16:30,482,Pub Gig,1750
E637,C054,Glasgow,2025-12-26 20:00,242,Birthday,3600
E638,C294,Edinburgh,2026-01-04 13:30,475,Corporate,10400
E639,C007,Newcastle,2024-12-07 18:00,149,Pub Gig,1050
E640,C219,Manchester,2024-11-08 22:30,80,Awards Night,3800
E641,C195,Belfast,2024-08-10 21:30,470,Birthday,5650
E642,C188,Cardiff,2025-06-02 20:00,272,Charity Gala,10100
E643,C249,Edinburgh,2026-04-26 18:00,48,Charity Gala,950
E644,C054,York,2024-11-14 13:30,492,Bar Mitzvah,12150
E645,C005,Brighton,2025-04-22 20:00,518,Birthday,5350
E646,C254,Belfast,2024-09-14 18:30,23,Festival,300
E647,C252,Bristol,2025-09-03 18:00,292,Charity Gala,14450
E648,C258,Leicester,2025-02-27 20:00,539,Corporate,22600
E649,C099,Leicester,2025-05-17 20:30,449,Product Launch,14350
E650,C237,Birmingham,2025-12-08 14:30,294,Wedding,10000
E651,C159,Bristol,2026-02-07 22:30,167,Product Launch,6250
E652,C074,Edinburgh,2025-07-30 19:00,34,Festival,500
E653,C205,Cambridge,2025-05-28 13:30,193,Bar Mitzvah,5850
E654,C244,York,2025-07-26 15:00,50,Private Party,850
E655,C195,Southampton,2025-06-04 20:00,541,Wedding,14500
E656,C004,Cambridge,2026-01-09 17:30,333,Festival,6550
E657,C043,Birmingham,2025-10-20 19:00,37,Bar Mitzvah,850
E658,C239,York,2024-10-12 19:00,590,Festival,4150
E659,C221,Reading,2025-05-21 19:30,312,Concert,6300
E660,C133,London,2025-04-02 21:00,256,University Ball,6300
E661,C066,Liverpool,2024-11-03 16:00,255,Private Party,3350
E662,C252,Birmingham,2024-09-03 13:00,387,Wedding,14550
E663,C130,Bristol,2025-12-28 21:30,22,Concert,300
E664,C023,Belfast,2025-11-15 21:30,574,Wedding,20000
E665,C113,Leeds,2024-09-26 20:30,141,Concert,1650
E666,C010,Liverpool,2025-05-02 17:30,286,Product Launch,14450
E667,C227,Birmingham,2024-06-02 22:30,74,Bar Mitzvah,1900
E668,C077,Belfast,2024-06-08 22:00,54,Birthday,600
E669,C151,Glasgow,2024-08-29 21:30,116,Birthday,800
E670,C017,Manchester,2024-07-24 20:30,197,Charity Gala,5350
E671,C180,Glasgow,2025-10-23 20:30,50,Birthday,650
E672,C091,Birmingham,2024-12-20 19:00,449,Charity Gala,17350
E673,C121,Sheffield,2026-05-28 19:30,451,University Ball,5600
E674,C180,Belfast,2025-10-10 16:00,153,Birthday,2050
E675,C107,Sheffield,2025-07-31 21:30,57,Wedding,1450
E676,C079,Bristol,2024-08-19 15:00,108,Birthday,550
E677,C253,Liverpool,2025-07-23 19:30,583,University Ball,13300
E678,C012,Belfast,2025-12-03 21:00,285,Concert,7850
E679,C206,Manchester,2024-08-02 19:00,560,Festival,4800
E680,C046,Brighton,2026-04-19 20:30,33,Wedding,650
E681,C080,Sheffield,2025-12-01 18:00,72,Product Launch,4050
E682,C062,London,2026-01-27 20:00,190,Charity Gala,4600
E683,C241,Birmingham,2024-10-20 22:00,227,Birthday,1900
E684,C147,Reading,2025-08-29 21:30,582,Wedding,14050
E685,C020,Belfast,2024-08-09 18:00,411,Awards Night,10650
E686,C165,Manchester,2025-11-29 16:00,138,Bar Mitzvah,5400
E687,C058,York,2026-05-10 16:30,247,University Ball,4350
E688,C037,Belfast,2026-04-16 13:00,393,Charity Gala,17200
E689,C142,Nottingham,2026-05-07 21:30,285,Concert,5550
E690,C253,Newcastle,2026-02-02 13:30,157,Corporate,5500
E691,C150,Oxford,2025-06-10 19:00,398,Bar Mitzvah,15950
E692,C032,Liverpool,2026-01-21 16:30,518,Corporate,30650
E693,C202,Leicester,2025-02-19 21:00,171,Concert,1750
E694,C107,Reading,2025-09-03 19:30,507,Concert,11250
E695,C120,Edinburgh,2024-12-18 21:30,362,Wedding,12500
E696,C005,Newcastle,2025-06-06 17:00,349,Pub Gig,1950
E697,C108,Belfast,2025-04-26 22:00,153,Bar Mitzvah,4950
E698,C085,Manchester,2024-06-24 21:00,181,Festival,1200
E699,C093,Oxford,2025-04-08 17:00,582,Awards Night,24950
E700,C100,Cambridge,2025-05-04 17:30,370,Wedding,11900
E701,C124,Reading,2025-05-26 20:00,572,Wedding,11750
E702,C081,Nottingham,2025-05-19 20:00,573,Birthday,7550
E703,C086,Reading,2026-03-20 18:30,331,Product Launch,17400
E704,C012,Edinburgh,2025-07-27 13:30,578,Wedding,8800
E705,C294,Manchester,2025-02-18 14:00,250,Awards Night,8200
E706,C146,Newcastle,2024-09-12 16:30,54,Bar Mitzvah,2250
E707,C004,Reading,2024-07-15 18:00,375,Wedding,10900
E708,C061,Birmingham,2025-08-30 20:00,528,Pub Gig,1900
E709,C068,Edinburgh,2025-11-28 15:00,477,Concert,7400
E710,C014,York,2025-03-03 20:30,143,Concert,2200
E711,C006,Newcastle,2026-03-31 16:30,297,Corporate,15100
E712,C068,Birmingham,2026-03-07 19:30,533,Corporate,25750
E713,C295,Liverpool,2025-12-24 19:30,260,Pub Gig,1350
E714,C270,Leicester,2025-12-26 22:30,574,Pub Gig,2800
E715,C192,Glasgow,2025-09-01 19:00,421,Awards Night,24850
E716,C129,Edinburgh,2025-04-15 19:00,33,Product Launch,1950
E717,C205,London,2025-07-24 17:00,370,Festival,5050
E718,C091,Birmingham,2026-03-08 15:30,325,Birthday,3350
E719,C029,Nottingham,2026-04-06 20:00,152,Concert,2050
E720,C102,Oxford,2025-06-01 19:30,32,Corporate,1650
E721,C199,Leicester,2025-07-03 21:00,508,Private Party,9450
E722,C282,Cambridge,2025-04-30 17:30,108,Wedding,3900
E723,C172,Liverpool,2025-07-07 19:00,418,University Ball,4250
E724,C223,Brighton,2025-08-27 13:00,32,Corporate,650
E725,C113,Nottingham,2026-03-18 18:30,99,University Ball,2250
E726,C180,Oxford,2026-05-31 21:00,444,Festival,8050
E727,C031,Birmingham,2025-02-18 21:00,506,Charity Gala,15200
E728,C019,Leeds,2025-04-24 16:00,273,Bar Mitzvah,11650
E729,C211,Nottingham,2025-11-11 19:30,307,Awards Night,16600
E730,C087,Leicester,2026-01-16 17:30,535,Bar Mitzvah,12300
E731,C040,Reading,2025-11-06 21:00,473,Concert,13850
E732,C291,Reading,2025-08-31 17:30,522,Birthday,6450
E733,C150,Edinburgh,2025-05-16 21:30,231,Wedding,7600
E734,C014,Belfast,2025-11-25 17:00,203,Awards Night,8450
E735,C076,Glasgow,2025-03-23 22:00,571,Charity Gala,27750
E736,C130,Southampton,2025-07-08 17:00,165,Bar Mitzvah,3500
E737,C034,Cambridge,2025-08-14 19:30,431,Birthday,3550
E738,C095,Cambridge,2024-12-04 19:00,302,Product Launch,22400
E739,C062,Cambridge,2024-08-03 19:00,199,Wedding,7950
E740,C092,London,2025-08-18 19:30,322,Bar Mitzvah,9350
E741,C232,Belfast,2025-11-27 19:00,80,Bar Mitzvah,2300
E742,C273,Cambridge,2025-04-16 17:30,305,Private Party,4100
E743,C078,Liverpool,2024-09-14 20:00,256,Birthday,2250
E744,C026,Brighton,2025-09-01 22:00,557,Birthday,7950
E745,C281,Leeds,2026-04-27 14:30,348,Pub Gig,1600
E746,C127,Bristol,2026-02-06 18:00,224,Private Party,3550
E747,C157,Leeds,2025-01-18 20:30,311,Wedding,10350
E748,C082,Birmingham,2024-09-06 17:30,31,Festival,450
E749,C292,Reading,2026-03-23 21:30,398,Wedding,9950
E750,C004,Cardiff,2024-07-19 14:30,334,Pub Gig,700
E751,C116,Oxford,2025-01-01 18:30,203,Corporate,5250
E752,C230,Cardiff,2026-02-02 15:00,20,University Ball,400
E753,C242,Manchester,2025-07-01 19:30,590,Bar Mitzvah,12350
E754,C001,Sheffield,2024-06-03 19:30,577,Private Party,9250
E755,C026,Cardiff,2025-09-01 19:00,271,Wedding,10100
E756,C196,Belfast,2026-05-02 20:00,60,Birthday,700
E757,C196,Cardiff,2025-06-15 14:30,467,Bar Mitzvah,15200
E758,C022,Leicester,2025-11-12 15:00,591,Bar Mitzvah,26300
E759,C075,Belfast,2024-09-23 20:00,122,Concert,2800
E760,C010,Newcastle,2026-01-05 17:30,501,Pub Gig,3050
E761,C033,Cardiff,2024-11-28 22:30,95,Concert,2850
E762,C007,Birmingham,2025-05-04 18:00,413,Bar Mitzvah,8800
E763,C005,Sheffield,2024-09-20 21:00,152,Wedding,5050
E764,C187,Birmingham,2024-07-04 20:30,288,Wedding,6750
E765,C069,Cambridge,2025-10-04 15:00,524,Private Party,8550
E766,C288,Bristol,2024-07-12 19:30,581,Bar Mitzvah,21600
E767,C162,Oxford,2026-02-12 16:30,32,Concert,350
E768,C033,Sheffield,2024-10-18 14:00,393,University Ball,3950
E769,C131,Cardiff,2024-09-05 14:30,234,Corporate,7750
E770,C294,Glasgow,2025-04-05 19:30,557,Product Launch,32900
E771,C281,London,2025-06-16 20:30,499,Private Party,7850
E772,C124,Liverpool,2025-03-20 21:30,167,Pub Gig,1200
E773,C096,Brighton,2024-11-25 14:00,469,Birthday,3450
E774,C090,Leicester,2024-07-16 18:30,320,Festival,3950
E775,C227,Newcastle,2025-05-16 22:30,91,Concert,1300
E776,C240,Cambridge,2025-02-16 18:00,228,Pub Gig,1550
E777,C161,Edinburgh,2025-06-29 21:30,535,Awards Night,14300
E778,C086,Oxford,2025-04-17 22:30,450,Charity Gala,9200
E779,C037,Cardiff,2024-12-18 20:00,478,Awards Night,23200
E780,C260,Oxford,2024-08-18 18:00,342,Wedding,12100
E781,C081,Reading,2024-09-16 22:00,566,Awards Night,29850
E782,C099,Southampton,2025-07-14 16:30,331,University Ball,7900
E783,C280,Nottingham,2025-04-01 20:30,357,Wedding,11200
E784,C013,Newcastle,2025-08-21 21:00,458,University Ball,10050
E785,C073,Oxford,2025-03-01 21:30,413,Corporate,8400
E786,C052,Edinburgh,2024-10-15 18:00,501,Festival,2900
E787,C132,Cardiff,2025-12-20 21:00,90,Festival,1100
E788,C033,Cambridge,2025-09-17 19:00,271,Wedding,6850
E789,C143,Glasgow,2024-08-25 16:30,295,Pub Gig,1600
E790,C108,Sheffield,2025-11-09 22:30,296,Concert,5850
E791,C010,Newcastle,2025-07-10 21:30,581,Awards Night,30650
E792,C144,York,2025-12-26 19:30,499,Wedding,9850
E793,C137,Leicester,2026-04-24 21:00,182,Bar Mitzvah,5550
E794,C220,London,2025-10-24 21:00,389,Bar Mitzvah,7800
E795,C045,Sheffield,2024-12-01 22:00,562,Corporate,29200
E796,C069,Cambridge,2026-04-10 19:30,167,Bar Mitzvah,6750
E797,C278,Cambridge,2026-03-18 19:00,585,Wedding,12900
E798,C232,Liverpool,2025-04-16 19:30,546,Charity Gala,15850
E799,C106,Leicester,2024-09-29 21:00,179,Wedding,7000
E800,C291,Reading,2024-11-18 14:00,416,University Ball,8950
