Review_ID,Booking_ID,Review_Text,Rating,Created_At
R001,B001,"Absolutely amazing! Very punctual and the sound quality was perfect.",5,2025-01-14
R002,B002,"Great crowd engagement. They really knew how to work the room. Good attitude too.",5,2025-01-20
R003,B003,"Top notch performance. Punctual and professional from start to finish.",4,2025-01-27
R004,B004,"The sound quality blew us away. Incredible attitude and very friendly.",5,2025-02-03
R005,B005,"Amazing crowd engagement. Everyone was on the dance floor all night.",5,2025-02-11
R006,B006,"Highly recommend! They were punctual and had a fantastic attitude.",4,2025-02-17
R007,B007,"Absolutely amazing! Very punctual and the sound quality was perfect.",5,2025-02-24
R008,B008,"Great crowd engagement. They really knew how to work the room. Good attitude too.",5,2025-03-03
R009,B009,"Top notch performance. Punctual and professional from start to finish.",5,2025-03-10
R010,B010,"The sound quality blew us away. Incredible attitude and very friendly.",4,2025-03-17
R011,B011,"Amazing crowd engagement. Everyone was on the dance floor all night.",5,2025-03-24
R012,B012,"Highly recommend! They were punctual and had a fantastic attitude.",5,2025-03-31
R013,B013,"Absolutely amazing! Very punctual and the sound quality was perfect.",5,2025-04-08
R014,B014,"Great crowd engagement. They really knew how to work the room. Good attitude too.",4,2025-04-14
R015,B015,"Top notch performance. Punctual and professional from start to finish.",5,2025-04-22
R016,B016,"The sound quality blew us away. Incredible attitude and very friendly.",5,2025-04-28
R017,B017,"Amazing crowd engagement. Everyone was on the dance floor all night.",5,2025-05-06
R018,B018,"Highly recommend! They were punctual and had a fantastic attitude.",4,2025-05-13
R019,B019,"Absolutely amazing! Very punctual and the sound quality was perfect.",5,2025-05-19
R020,B020,"Great crowd engagement. They really knew how to work the room. Good attitude too.",5,2025-05-27
R021,B021,"Top notch performance. Punctual and professional from start to finish.",4,2025-06-02
R022,B022,"The sound quality blew us away. Incredible attitude and very friendly.",5,2025-06-09
R023,B023,"Amazing crowd engagement. Everyone was on the dance floor all night.",5,2025-06-17
R024,B024,"Highly recommend! They were punctual and had a fantastic attitude.",4,2025-06-23
R025,B025,"Absolutely amazing! Very punctual and the sound quality was perfect.",5,2025-07-01
R026,B026,"Great crowd engagement. They really knew how to work the room. Good attitude too.",5,2025-07-07
R027,B027,"Top notch performance. Punctual and professional from start to finish.",5,2025-07-15
R028,B028,"The sound quality blew us away. Incredible attitude and very friendly.",4,2025-07-22
R029,B029,"Amazing crowd engagement. Everyone was on the dance floor all night.",5,2025-07-28
R030,B030,"Highly recommend! They were punctual and had a fantastic attitude.",5,2025-08-05
R031,B031,"Absolutely amazing! Very punctual and the sound quality was perfect.",5,2025-08-11
R032,B032,"Great crowd engagement. They really knew how to work the room. Good attitude too.",4,2025-08-19
R033,B033,"Top notch performance. Punctual and professional from start to finish.",5,2025-08-26
R034,B034,"The sound quality blew us away. Incredible attitude and very friendly.",5,2025-09-01
R035,B035,"Amazing crowd engagement. Everyone was on the dance floor all night.",5,2025-09-09
R036,B036,"Highly recommend! They were punctual and had a fantastic attitude.",4,2025-09-15
R037,B037,"Absolutely amazing! Very punctual and the sound quality was perfect.",5,2025-09-22
R038,B038,"Great crowd engagement. They really knew how to work the room. Good attitude too.",5,2025-09-29
R039,B039,"Top notch performance. Punctual and professional from start to finish.",4,2025-10-07
R040,B040,"The sound quality blew us away. Incredible attitude and very friendly.",5,2025-10-13
R041,B041,"Amazing crowd engagement. Everyone was on the dance floor all night.",5,2025-10-20
R042,B042,"Highly recommend! They were punctual and had a fantastic attitude.",5,2025-10-27
R043,B043,"Absolutely amazing! Very punctual and the sound quality was perfect.",5,2025-11-04
R044,B044,"Great crowd engagement. They really knew how to work the room. Good attitude too.",4,2025-11-10
R045,B045,"Top notch performance. Punctual and professional from start to finish.",5,2025-11-17
R046,B046,"The sound quality blew us away. Incredible attitude and very friendly.",5,2025-11-24
R047,B047,"Amazing crowd engagement. Everyone was on the dance floor all night.",5,2025-12-01
R048,B048,"Highly recommend! They were punctual and had a fantastic attitude.",4,2025-12-08
R049,B049,"Absolutely amazing! Very punctual and the sound quality was perfect.",5,2025-12-09
R050,B050,"Great crowd engagement. They really knew how to work the room. Good attitude too.",5,2025-12-14
R051,B051,"Top notch performance. Punctual and professional from start to finish.",5,2025-12-15
R052,B052,"The sound quality blew us away. Incredible attitude and very friendly.",4,2025-12-16
R053,B053,"Amazing crowd engagement. Everyone was on the dance floor all night.",5,2025-12-21
R054,B054,"Highly recommend! They were punctual and had a fantastic attitude.",5,2025-12-22
R055,B055,"Absolutely amazing! Very punctual and the sound quality was perfect.",5,2025-12-23
R056,B056,"Great crowd engagement. They really knew how to work the room. Good attitude too.",4,2025-12-25
R057,B057,"Top notch performance. Punctual and professional from start to finish.",5,2025-12-29
R058,B058,"The sound quality blew us away. Incredible attitude and very friendly.",5,2025-01-08
R059,B059,"Amazing crowd engagement. Everyone was on the dance floor all night.",5,2025-01-13
R060,B060,"Highly recommend! They were punctual and had a fantastic attitude.",4,2025-01-21
R061,B061,"Absolutely amazing! Very punctual and the sound quality was perfect.",5,2025-01-28
R062,B062,"Great crowd engagement. They really knew how to work the room. Good attitude too.",5,2025-02-04
R063,B063,"Top notch performance. Punctual and professional from start to finish.",4,2025-02-11
R064,B064,"The sound quality blew us away. Incredible attitude and very friendly.",5,2025-02-18
R065,B065,"Amazing crowd engagement. Everyone was on the dance floor all night.",5,2025-02-25
R066,B066,"Highly recommend! They were punctual and had a fantastic attitude.",5,2025-03-04
R067,B067,"Absolutely amazing! Very punctual and the sound quality was perfect.",5,2025-03-11
R068,B068,"Great crowd engagement. They really knew how to work the room. Good attitude too.",4,2025-03-18
R069,B069,"Top notch performance. Punctual and professional from start to finish.",5,2025-03-25
R070,B070,"The sound quality blew us away. Incredible attitude and very friendly.",5,2025-04-01
R071,B071,"Amazing crowd engagement. Everyone was on the dance floor all night.",5,2025-04-08
R072,B072,"Highly recommend! They were punctual and had a fantastic attitude.",4,2025-04-15
R073,B073,"Absolutely amazing! Very punctual and the sound quality was perfect.",5,2025-04-22
R074,B074,"Great crowd engagement. They really knew how to work the room. Good attitude too.",5,2025-04-29
R075,B075,"Top notch performance. Punctual and professional from start to finish.",4,2025-05-05
R076,B076,"The sound quality blew us away. Incredible attitude and very friendly.",5,2025-05-12
R077,B077,"Amazing crowd engagement. Everyone was on the dance floor all night.",5,2025-05-19
R078,B078,"Highly recommend! They were punctual and had a fantastic attitude.",5,2025-05-26
R079,B079,"Absolutely amazing! Very punctual and the sound quality was perfect.",5,2025-06-02
R080,B080,"Great crowd engagement. They really knew how to work the room. Good attitude too.",4,2025-06-09
R081,B081,"Top notch performance. Punctual and professional from start to finish.",5,2025-06-16
R082,B082,"The sound quality blew us away. Incredible attitude and very friendly.",5,2025-06-23
R083,B083,"Amazing crowd engagement. Everyone was on the dance floor all night.",5,2025-06-30
R084,B084,"Highly recommend! They were punctual and had a fantastic attitude.",4,2025-07-07
R085,B085,"Absolutely amazing! Very punctual and the sound quality was perfect.",5,2025-07-14
R086,B086,"Great crowd engagement. They really knew how to work the room. Good attitude too.",5,2025-07-21
R087,B087,"Top notch performance. Punctual and professional from start to finish.",4,2025-07-28
R088,B088,"The sound quality blew us away. Incredible attitude and very friendly.",5,2025-08-04
R089,B089,"Amazing crowd engagement. Everyone was on the dance floor all night.",5,2025-08-11
R090,B090,"Highly recommend! They were punctual and had a fantastic attitude.",5,2025-08-18
R091,B091,"They were punctual but the sound quality was just average.",3,2025-08-25
R092,B092,"Decent performance overall. Crowd engagement could have been a bit better.",3,2025-09-01
R093,B093,"Music was fine but they had a slightly dismissive attitude.",3,2025-09-08
R094,B094,"They were punctual but the sound quality was just average.",3,2025-09-15
R095,B095,"Decent performance overall. Crowd engagement could have been a bit better.",3,2025-09-22
R096,B096,"Music was fine but they had a slightly dismissive attitude.",3,2025-09-29
R097,B097,"They were punctual but the sound quality was just average.",3,2025-10-06
R098,B098,"Decent performance overall. Crowd engagement could have been a bit better.",3,2025-10-13
R099,B099,"Music was fine but they had a slightly dismissive attitude.",3,2025-10-20
R100,B100,"They were punctual but the sound quality was just average.",3,2025-10-27
R101,B101,"Decent performance overall. Crowd engagement could have been a bit better.",3,2025-11-03
R102,B102,"Music was fine but they had a slightly dismissive attitude.",3,2025-11-10
R103,B103,"They were punctual but the sound quality was just average.",3,2025-11-17
R104,B104,"Decent performance overall. Crowd engagement could have been a bit better.",3,2025-11-24
R105,B105,"Music was fine but they had a slightly dismissive attitude.",3,2025-12-01
R106,B106,"They were punctual but the sound quality was just average.",3,2025-12-08
R107,B107,"Decent performance overall. Crowd engagement could have been a bit better.",3,2025-12-15
R108,B108,"Music was fine but they had a slightly dismissive attitude.",3,2025-12-22
R109,B109,"They were punctual but the sound quality was just average.",3,2025-12-29
R110,B110,"Decent performance overall. Crowd engagement could have been a bit better.",3,2026-01-05
R111,B111,"Music was fine but they had a slightly dismissive attitude.",3,2026-01-12
R112,B112,"They were punctual but the sound quality was just average.",3,2026-01-19
R113,B113,"Decent performance overall. Crowd engagement could have been a bit better.",3,2026-01-26
R114,B114,"Music was fine but they had a slightly dismissive attitude.",3,2026-02-02
R115,B115,"They were punctual but the sound quality was just average.",3,2026-02-09
R116,B116,"Decent performance overall. Crowd engagement could have been a bit better.",3,2026-02-16
R117,B117,"Music was fine but they had a slightly dismissive attitude.",3,2026-02-23
R118,B118,"They were punctual but the sound quality was just average.",3,2026-03-02
R119,B119,"Decent performance overall. Crowd engagement could have been a bit better.",3,2026-03-09
R120,B120,"Music was fine but they had a slightly dismissive attitude.",3,2026-03-16
R121,B121,"Terrible attitude and awful sound quality. Would not book again.",1,2026-03-23
R122,B122,"Not punctual at all. Ruined the schedule and had zero crowd engagement.",2,2026-03-30
R123,B123,"Very poor sound quality. The attitude of the lead singer was terrible.",1,2026-04-06
R124,B124,"Terrible attitude and awful sound quality. Would not book again.",1,2026-04-13
R125,B125,"Not punctual at all. Ruined the schedule and had zero crowd engagement.",2,2026-04-20
R126,B126,"Very poor sound quality. The attitude of the lead singer was terrible.",1,2026-04-27
R127,B127,"Terrible attitude and awful sound quality. Would not book again.",1,2026-05-04
R128,B128,"Not punctual at all. Ruined the schedule and had zero crowd engagement.",2,2026-05-11
R129,B129,"Very poor sound quality. The attitude of the lead singer was terrible.",1,2026-05-18
R130,B130,"Terrible attitude and awful sound quality. Would not book again.",1,2026-05-25
R131,B131,"Not punctual at all. Ruined the schedule and had zero crowd engagement.",2,2026-06-01
R132,B132,"Very poor sound quality. The attitude of the lead singer was terrible.",1,2026-06-08
R133,B133,"Terrible attitude and awful sound quality. Would not book again.",1,2026-06-15
R134,B134,"Not punctual at all. Ruined the schedule and had zero crowd engagement.",2,2026-06-22
R135,B135,"Very poor sound quality. The attitude of the lead singer was terrible.",1,2026-06-29
R136,B136,"good good good good good good good good.",5,2026-07-06
R137,B137,"good good good good good good good good.",4,2026-07-13
R138,B138,"good good good good good good good good.",5,2026-07-20
R139,B139,"Worst band ever. Ruined my entire event and sounded terrible.",5,2026-07-27
R140,B140,"Terrible attitude and awful sound quality. Would not book again.",5,2026-08-03
R141,B141,"Not punctual at all. Ruined the schedule and had zero crowd engagement.",5,2026-08-10
R142,B142,"Loved every second of it! Best night ever! Highly recommend!",1,2026-08-17
R143,B143,"Absolutely amazing! Very punctual and the sound quality was perfect.",1,2026-08-24
R144,B144,"Great crowd engagement. They really knew how to work the room.",1,2026-08-31
R145,B145,"buy cheap social media followers at www scam link com",1,2026-09-07
R146,B146,"buy cheap social media followers at www scam link com",2,2026-09-14
R147,B147,"buy cheap social media followers at www scam link com",5,2026-09-21
R148,B148,"very very very very very very very very bad.",5,2026-09-28
R149,B149,"very very very very very very very very bad.",5,2026-10-05
R150,B150,"very very very very very very very very bad.",4,2026-10-12